FIS_Name,Skier,ID,Nation,In_FIS_List,Elo,Downhill_Elo,Super G_Elo,Giant Slalom_Elo,Slalom_Elo,Combined_Elo,Tech_Elo,Speed_Elo,Race_Elo,Race_Type,Recent_Competitor,City,Country,Discipline,Race_Date
RAST Camille,Camille RAST,,SUI,True,,,,,,,,,0.0,,False,Saalbach,Austria,,4/5/25
FRIDGEIRSDOTTIR Hofi Dora,Hofi Dora FRIDGEIRSDOTTIR,,ISL,True,,,,,,,,,0.0,,False,Saalbach,Austria,,4/5/25
HEAYDON Phoebe,Phoebe HEAYDON,,AUS,True,,,,,,,,,0.0,,False,Saalbach,Austria,,4/5/25
MAHON Sophie,Sophie MAHON,,AUS,True,,,,,,,,,0.0,,False,Saalbach,Austria,,4/5/25
VORRE Clara-Marie Holmer,Clara-Marie Holmer VORRE,,DEN,True,,,,,,,,,0.0,,False,Saalbach,Austria,,4/5/25
ATANASOVSKA Jana,Jana ATANASOVSKA,,MKD,True,,,,,,,,,0.0,,False,Saalbach,Austria,,4/5/25
SALEHHUDDIN Aruwin,Aruwin SALEHHUDDIN,,MAS,True,,,,,,,,,0.0,,False,Saalbach,Austria,,4/5/25
HOZMANN Szonja,Szonja HOZMANN,,HUN,True,,,,,,,,,0.0,,False,Saalbach,Austria,,4/5/25
BERTHELSEN Nuunu Chemnitz,Nuunu Chemnitz BERTHELSEN,,DEN,True,,,,,,,,,0.0,,False,Saalbach,Austria,,4/5/25
YILDIRIM Ceren Reyhan,Ceren Reyhan YILDIRIM,,TUR,True,,,,,,,,,0.0,,False,Saalbach,Austria,,4/5/25
CONSTANTIN Maria Ioana,Maria Ioana CONSTANTIN,,ROU,True,,,,,,,,,0.0,,False,Saalbach,Austria,,4/5/25
KARLONAITE Liepa,Liepa KARLONAITE,,LTU,True,,,,,,,,,0.0,,False,Saalbach,Austria,,4/5/25
TEN RAA Joyce,Joyce TEN RAA,,LUX,True,,,,,,,,,0.0,,False,Saalbach,Austria,,4/5/25
ALIC Esma,Esma ALIC,,BIH,True,,,,,,,,,0.0,,False,Saalbach,Austria,,4/5/25
DEVA Lirika,Lirika DEVA,,KOS,True,,,,,,,,,0.0,,False,Saalbach,Austria,,4/5/25
HOLDENER Wendy,Wendy HOLDENER,,SUI,True,,,,,,,,,0.0,,False,Saalbach,Austria,,4/5/25
MAKOVETSKA Yuliia,Yuliia MAKOVETSKA,,UKR,True,,,,,,,,,0.0,,False,Saalbach,Austria,,4/5/25
SHEPILENKO Anastasiia,Anastasiia SHEPILENKO,,UKR,True,,,,,,,,,0.0,,False,Saalbach,Austria,,4/5/25
LIKIC Ina,Ina LIKIC,,BIH,True,,,,,,,,,0.0,,False,Saalbach,Austria,,4/5/25
KRYEZIU Kiana,Kiana KRYEZIU,,KOS,True,,,,,,,,,0.0,,False,Saalbach,Austria,,4/5/25
HABEN RIBEIRO Ariana,Ariana HABEN RIBEIRO,,POR,True,,,,,,,,,0.0,,False,Saalbach,Austria,,4/5/25
KALTSOGIANNI Maria Nikoleta,Maria Nikoleta KALTSOGIANNI,,GRE,True,,,,,,,,,0.0,,False,Saalbach,Austria,,4/5/25
CORLATEANU Ioana,Ioana CORLATEANU,,ROU,True,,,,,,,,,0.0,,False,Saalbach,Austria,,4/5/25
LEE Wen-Yi,Wen-Yi LEE,,TPE,True,,,,,,,,,0.0,,False,Saalbach,Austria,,4/5/25
LOIZIDOU Andrea,Andrea LOIZIDOU,,CYP,True,,,,,,,,,0.0,,False,Saalbach,Austria,,4/5/25
SINKUNAITE Gabija,Gabija SINKUNAITE,,LTU,True,,,,,,,,,0.0,,False,Saalbach,Austria,,4/5/25
BIEZA Annija,Annija BIEZA,,LAT,True,,,,,,,,,0.0,,False,Saalbach,Austria,,4/5/25
CHAD Manon,Manon CHAD,,LBN,True,,,,,,,,,0.0,,False,Saalbach,Austria,,4/5/25
BRUCE Abi,Abi BRUCE,,GBR,True,,,,,,,,,0.0,,False,Saalbach,Austria,,4/5/25
SOMMEROVA Elese,Elese SOMMEROVA,,CZE,True,,,,,,,,,0.0,,False,Saalbach,Austria,,4/5/25
ZURBRIGGEN Anina,Anina ZURBRIGGEN,,BUL,True,,,,,,,,,0.0,,False,Saalbach,Austria,,4/5/25
BUTLER Molly,Molly BUTLER,,GBR,True,,,,,,,,,0.0,,False,Saalbach,Austria,,4/5/25
TIMALSINA Debora,Debora TIMALSINA,,NEP,True,,,,,,,,,0.0,,False,Saalbach,Austria,,4/5/25
GRIGOREVA Kseniya,Kseniya GRIGOREVA,,UZB,True,,,,,,,,,0.0,,False,Saalbach,Austria,,4/5/25
SWENN LARSSON Anna,Anna SWENN LARSSON,,SWE,True,,,,,,,,,0.0,,False,Saalbach,Austria,,4/5/25
COLTURI Lara,Lara COLTURI,,ALB,True,,,,,,,,,0.0,,False,Saalbach,Austria,,4/5/25
ST-GERMAIN Laurence,Laurence ST-GERMAIN,,CAN,True,,,,,,,,,0.0,,False,Saalbach,Austria,,4/5/25
DVORNIK Neja,Neja DVORNIK,,SLO,True,,,,,,,,,0.0,,False,Saalbach,Austria,,4/5/25
AICHER Emma,Emma AICHER,,GER,True,,,,,,,,,0.0,,False,Saalbach,Austria,,4/5/25
GALLHUBER Katharina,Katharina GALLHUBER,,AUT,True,,,,,,,,,0.0,,False,Saalbach,Austria,,4/5/25
POGNEAUX Chiara,Chiara POGNEAUX,,FRA,True,,,,,,,,,0.0,,False,Saalbach,Austria,,4/5/25
SMART Amelia,Amelia SMART,,CAN,True,,,,,,,,,0.0,,False,Saalbach,Austria,,4/5/25
CHRISTEN Eliane,Eliane CHRISTEN,,SUI,True,,,,,,,,,0.0,,False,Saalbach,Austria,,4/5/25
STJERNESUND Thea Louise,Thea Louise STJERNESUND,,NOR,True,,,,,,,,,0.0,,False,Saalbach,Austria,,4/5/25
HILZINGER Jessica,Jessica HILZINGER,,GER,True,,,,,,,,,0.0,,False,Saalbach,Austria,,4/5/25
HENSIEN Katie,Katie HENSIEN,,USA,True,,,,,,,,,0.0,,False,Saalbach,Austria,,4/5/25
MAEDA Chisaki,Chisaki MAEDA,,JPN,True,,,,,,,,,0.0,,False,Saalbach,Austria,,4/5/25
MIJARES RUF Carla,Carla MIJARES RUF,,AND,True,,,,,,,,,0.0,,False,Saalbach,Austria,,4/5/25
BARUZZI FARRIOL Francesca,Francesca BARUZZI FARRIOL,,ARG,True,,,,,,,,,0.0,,False,Saalbach,Austria,,4/5/25
LAPANJA Lila,Lila LAPANJA,,SLO,True,,,,,,,,,0.0,,False,Saalbach,Austria,,4/5/25
TOTH Zita,Zita TOTH,,HUN,True,,,,,,,,,0.0,,False,Saalbach,Austria,,4/5/25
VANREUSEL Kim,Kim VANREUSEL,,BEL,True,,,,,,,,,0.0,,False,Saalbach,Austria,,4/5/25
MOLLIN Axelle,Axelle MOLLIN,,BEL,True,,,,,,,,,0.0,,False,Saalbach,Austria,,4/5/25
BLOK Noa,Noa BLOK,,NED,True,,,,,,,,,0.0,,False,Saalbach,Austria,,4/5/25
SZOLLOS Noa,Noa SZOLLOS,,ISR,True,,,,,,,,,0.0,,False,Saalbach,Austria,,4/5/25
RABOU Noa,Noa RABOU,,NED,True,,,,,,,,,0.0,,False,Saalbach,Austria,,4/5/25
TEN RAA Gwyneth,Gwyneth TEN RAA,,LUX,True,,,,,,,,,0.0,,False,Saalbach,Austria,,4/5/25
SAKKAL Kiana,Kiana SAKKAL,,LBN,True,,,,,,,,,0.0,,False,Saalbach,Austria,,4/5/25
ALIZADEH SAVEH Zahra,Zahra ALIZADEH SAVEH,,IRI,True,,,,,,,,,0.0,,False,Saalbach,Austria,,4/5/25
KALHOR Marjan,Marjan KALHOR,,IRI,True,,,,,,,,,0.0,,False,Saalbach,Austria,,4/5/25
MARKTHALER Lara,Lara MARKTHALER,,RSA,True,,,,,,,,,0.0,,False,Saalbach,Austria,,4/5/25
BONDARE Liene,Liene BONDARE,,LAT,True,,,,,,,,,0.0,,False,Saalbach,Austria,,4/5/25
DERKS Kiara,Kiara DERKS,,NED,True,,,,,,,,,0.0,,False,Saalbach,Austria,,4/5/25
WATANABE Eren,Eren WATANABE,,JPN,True,,,,,,,,,0.0,,False,Saalbach,Austria,,4/5/25
ANDO Asa,Asa ANDO,,JPN,True,,,,,,,,,0.0,,False,Saalbach,Austria,,4/5/25
PALLA Victoria,Victoria PALLA,,GBR,True,,,,,,,,,0.0,,False,Saalbach,Austria,,4/5/25
PETERLINI Martina,Martina PETERLINI,,ITA,True,,,,,,,,,0.0,,False,Saalbach,Austria,,4/5/25
COLLOMB Giorgia,Giorgia COLLOMB,,ITA,True,,,,,,,,,0.0,,False,Saalbach,Austria,,4/5/25
BELL Reece,Reece BELL,,GBR,True,,,,,,,,,0.0,,False,Saalbach,Austria,,4/5/25
HURT A J,J HURT A,,USA,True,,,,,,,,,0.0,,False,Saalbach,Austria,,4/5/25
BUCIK JOGAN Ana,Ana BUCIK JOGAN,,SLO,True,,,,,,,,,0.0,,False,Saalbach,Austria,,4/5/25
ARONSSON ELFMAN Hanna,Hanna ARONSSON ELFMAN,,SWE,True,,,,,,,,,0.0,,False,Saalbach,Austria,,4/5/25
DUBOVSKA Martina,Martina DUBOVSKA,,CZE,True,,,,,,,,,0.0,,False,Saalbach,Austria,,4/5/25
ROSSETTI Marta,Marta ROSSETTI,,ITA,True,,,,,,,,,0.0,,False,Saalbach,Austria,,4/5/25
HUBER Katharina,Katharina HUBER,,AUT,True,,,,,,,,,0.0,,False,Saalbach,Austria,,4/5/25
DELLA MEA Lara,Lara DELLA MEA,,ITA,True,,,,,,,,,0.0,,False,Saalbach,Austria,,4/5/25
LAMURE Marie,Marie LAMURE,,FRA,True,,,,,,,,,0.0,,False,Saalbach,Austria,,4/5/25
OEHLUND Cornelia,Cornelia OEHLUND,,SWE,True,,,,,,,,,0.0,,False,Saalbach,Austria,,4/5/25
CHEVRIER Marion,Marion CHEVRIER,,FRA,True,,,,,,,,,0.0,,False,Saalbach,Austria,,4/5/25
LJUTIC Zrinka,Zrinka LJUTIC,,CRO,True,,,,,,,,,0.0,,False,Saalbach,Austria,,4/5/25
DUERR Lena,Lena DUERR,,GER,True,,,,,,,,,0.0,,False,Saalbach,Austria,,4/5/25
TRUPPE Katharina,Katharina TRUPPE,,AUT,True,,,,,,,,,0.0,,False,Saalbach,Austria,,4/5/25
SLOKAR Andreja,Andreja SLOKAR,,SLO,True,,,,,,,,,0.0,,False,Saalbach,Austria,,4/5/25
SHIFFRIN Mikaela,Mikaela Shiffrin,,USA,True,,,,,,,,,0.0,,False,Saalbach,Austria,,4/5/25
MOLTZAN Paula,Paula MOLTZAN,,USA,True,,,,,,,,,0.0,,False,Saalbach,Austria,,4/5/25
LIENSBERGER Katharina,Katharina LIENSBERGER,,AUT,True,,,,,,,,,0.0,,False,Saalbach,Austria,,4/5/25
TSIKLAURI Nino,Nino TSIKLAURI,,GEO,True,,,,,,,,,0.0,,False,Saalbach,Austria,,4/5/25
MAJTENYI Hanna,Hanna MAJTENYI,,HUN,True,,,,,,,,,0.0,,False,Saalbach,Austria,,4/5/25
REJEPOVA Sabina,Sabina REJEPOVA,,UZB,True,,,,,,,,,0.0,,False,Saalbach,Austria,,4/5/25
POLANYI Lili,Lili POLANYI,,HUN,True,,,,,,,,,0.0,,False,Saalbach,Austria,,4/5/25
AHMADPOUR Sarina,Sarina AHMADPOUR,,IRI,True,,,,,,,,,0.0,,False,Saalbach,Austria,,4/5/25
DIMITROF Evridiki,Evridiki DIMITROF,,GRE,True,,,,,,,,,0.0,,False,Saalbach,Austria,,4/5/25
FILIPPIDI EIRINI,EIRINI FILIPPIDI,,GRE,True,,,,,,,,,0.0,,False,Saalbach,Austria,,4/5/25
RAHME Christa,Christa RAHME,,LBN,True,,,,,,,,,0.0,,False,Saalbach,Austria,,4/5/25
SANDHYA Sandhya,Sandhya SANDHYA,,IND,True,,,,,,,,,0.0,,False,Saalbach,Austria,,4/5/25
FARHOUD Joud,Joud FARHOUD,,KSA,True,,,,,,,,,0.0,,False,Saalbach,Austria,,4/5/25
THAKUR Aanchal,Aanchal THAKUR,,IND,True,,,,,,,,,0.0,,False,Saalbach,Austria,,4/5/25
PALIUTKINA Olga,Olga PALIUTKINA,,KGZ,True,,,,,,,,,0.0,,False,Saalbach,Austria,,4/5/25
PUPOVCI Arba,Arba PUPOVCI,,KOS,True,,,,,,,,,0.0,,False,Saalbach,Austria,,4/5/25
THAKUR Tanuja,Tanuja THAKUR,,IND,True,,,,,,,,,0.0,,False,Saalbach,Austria,,4/5/25
MARTI Celine,Celine MARTI,,HAI,True,,,,,,,,,0.0,,False,Saalbach,Austria,,4/5/25
HECTOR Sara,Sara HECTOR,,SWE,True,,,,,,,,,0.0,,False,Saalbach,Austria,,4/5/25
MEILLARD Melanie,Melanie MEILLARD,,SUI,True,,,,,,,,,0.0,,False,Saalbach,Austria,,4/5/25
HOLTMANN Mina Fuerst,Mina Fuerst HOLTMANN,,NOR,True,,,,,,,,,0.0,,False,Saalbach,Austria,,4/5/25
NULLMEYER Ali,Ali NULLMEYER,,CAN,True,,,,,,,,,0.0,,False,Saalbach,Austria,,4/5/25
CLERC Mialitiana,Mialitiana CLERC,,MAD,True,,,,,,,,,0.0,,False,Saalbach,Austria,,4/5/25
REINHARDE Elizabete,Elizabete REINHARDE,,LAT,True,,,,,,,,,0.0,,False,Saalbach,Austria,,4/5/25
KOVALEVA Valeriya,Valeriya KOVALEVA,,UZB,True,,,,,,,,,0.0,,False,Saalbach,Austria,,4/5/25
STEPHAN Sarah,Sarah STEPHAN,,LBN,True,,,,,,,,,0.0,,False,Saalbach,Austria,,4/5/25
SAVEHSHEMSHAKI Sadaf,Sadaf SAVEHSHEMSHAKI,,IRI,True,,,,,,,,,0.0,,False,Saalbach,Austria,,4/5/25
IVANOVA Albina,Albina IVANOVA,,KGZ,True,,,,,,,,,0.0,,False,Saalbach,Austria,,4/5/25
KING Eloise Yung Shih,Eloise Yung Shih KING,,HKG,True,,,,,,,,,0.0,,False,Saalbach,Austria,,4/5/25
MATISONE Leticija,Leticija MATISONE,,LAT,True,,,,,,,,,0.0,,False,Saalbach,Austria,,4/5/25
BALOGH LORINC Bernadett,Bernadett BALOGH LORINC,,ROU,True,,,,,,,,,0.0,,False,Saalbach,Austria,,4/5/25
DRAGOLJEVIC Nikolina,Nikolina DRAGOLJEVIC,,BIH,True,,,,,,,,,0.0,,False,Saalbach,Austria,,4/5/25
LINGG Charlotte,Charlotte LINGG,,LIE,True,,,,,,,,,0.0,,False,Saalbach,Austria,,4/5/25
